{"cameraMode":{"drawMode":0,"name":"Shaded","section":"Shading Mode"},"sceneLighting":true,"audioPlay":false,"sceneViewState":{"showFog":false,"showMaterialUpdate":false,"showSkybox":true,"showFlares":true,"showImageEffects":true,"showParticleSystems":true},"in2DMode":false,"pivot":{"x":-7.862113952636719,"y":18.322120666503908,"z":7.314115524291992},"rotation":{"x":-0.10528582334518433,"y":0.888795018196106,"z":-0.2563560903072357,"w":-0.3650306761264801},"size":21.08710289001465,"orthographic":false}