{"cameraMode":{"drawMode":0,"name":"Shaded","section":"Shading Mode"},"sceneLighting":true,"audioPlay":false,"sceneViewState":{"showFog":false,"showMaterialUpdate":false,"showSkybox":true,"showFlares":true,"showImageEffects":true,"showParticleSystems":true},"in2DMode":false,"pivot":{"x":-3.1293301582336427,"y":21.83000373840332,"z":18.23290252685547},"rotation":{"x":-0.09360990673303604,"y":0.903400719165802,"z":-0.254707932472229,"w":-0.33201974630355837},"size":7.945460319519043,"orthographic":false}