{"cameraMode":{"drawMode":0,"name":"Shaded","section":"Shading Mode"},"sceneLighting":false,"audioPlay":false,"sceneViewState":{"showFog":false,"showMaterialUpdate":false,"showSkybox":false,"showFlares":true,"showImageEffects":true,"showParticleSystems":true},"in2DMode":false,"pivot":{"x":4.623149871826172,"y":5.279850006103516,"z":19.565200805664064},"rotation":{"x":-0.008479918353259564,"y":0.9829416871070862,"z":-0.17765694856643678,"w":-0.046920519322156909},"size":2.951674699783325,"orthographic":false}