{"cameraMode":{"drawMode":0,"name":"Shaded","section":"Shading Mode"},"sceneLighting":true,"audioPlay":false,"sceneViewState":{"showFog":false,"showMaterialUpdate":false,"showSkybox":true,"showFlares":true,"showImageEffects":true,"showParticleSystems":true},"in2DMode":false,"pivot":{"x":-24.21099281311035,"y":23.63944435119629,"z":13.50408935546875},"rotation":{"x":-0.011001004837453366,"y":0.9545866847038269,"z":-0.2956121563911438,"w":-0.035526152700185779},"size":45.70917510986328,"orthographic":false}