{"cameraMode":{"drawMode":0,"name":"Shaded","section":"Shading Mode"},"sceneLighting":true,"audioPlay":false,"sceneViewState":{"showFog":false,"showMaterialUpdate":false,"showSkybox":true,"showFlares":true,"showImageEffects":true,"showParticleSystems":true},"in2DMode":false,"pivot":{"x":-10.059213638305664,"y":24.477853775024415,"z":17.915916442871095},"rotation":{"x":-0.008479918353259564,"y":0.9829416871070862,"z":-0.17765694856643678,"w":-0.046920519322156909},"size":31.283132553100587,"orthographic":false}